Pi Timestamp,Arduino Time (ms),Inlet Flow (L/min),Outlet Flow (L/min),Inlet Pressure (PSI),Outlet Pressure (PSI)
2025-05-03 21:36:18.793,78000,0.00,0.00,0.00,0.00
2025-05-03 21:36:18.795,78100,0.00,0.00,0.00,0.00
2025-05-03 21:36:18.797,100,0.00,0.00,0.00,0.00
2025-05-03 21:36:18.799,200,0.00,0.00,0.00,0.00
2025-05-03 21:36:18.803,300,0.00,0.00,0.00,0.00
2025-05-03 21:36:18.808,400,0.00,0.00,0.00,0.00
2025-05-03 21:36:18.826,500,0.00,0.00,0.00,0.00
2025-05-03 21:36:18.924,600,0.00,0.00,0.00,0.00
2025-05-03 21:36:19.026,700,0.00,0.00,0.00,0.00
2025-05-03 21:36:19.127,800,0.00,0.00,0.00,0.00
2025-05-03 21:36:19.223,900,0.00,0.00,0.00,0.00
2025-05-03 21:36:19.326,1000,0.00,0.00,0.00,0.00
2025-05-03 21:36:19.426,1100,0.00,0.00,0.00,0.00
2025-05-03 21:36:19.524,1200,0.00,0.00,0.00,0.00
2025-05-03 21:36:19.627,1300,0.00,0.00,0.00,0.00
2025-05-03 21:36:19.725,1400,0.00,0.00,0.00,0.00
2025-05-03 21:36:19.826,1500,0.00,0.00,0.00,0.00
2025-05-03 21:36:19.924,1600,0.00,0.00,0.00,0.00
2025-05-03 21:36:20.027,1700,0.00,0.00,0.00,0.00
2025-05-03 21:36:20.125,1800,0.00,0.00,0.00,0.00
2025-05-03 21:36:20.222,1900,0.00,0.00,0.00,0.00
2025-05-03 21:36:20.327,2000,0.00,0.00,0.00,0.00
2025-05-03 21:36:20.424,2100,0.00,0.00,0.00,0.00
2025-05-03 21:36:20.529,2200,0.00,0.00,0.00,0.00
2025-05-03 21:36:20.625,2300,0.00,0.00,0.00,0.00
2025-05-03 21:36:20.722,2400,0.00,0.00,0.00,0.00
2025-05-03 21:36:20.825,2500,0.00,0.00,0.00,0.00
2025-05-03 21:36:20.923,2600,0.00,0.00,0.00,0.00
2025-05-03 21:36:21.021,2700,0.00,0.00,0.00,0.00
2025-05-03 21:36:21.125,2800,0.00,0.00,0.00,0.00
2025-05-03 21:36:21.222,2900,0.00,0.00,0.00,0.00
2025-05-03 21:36:21.324,3000,0.00,0.00,0.00,0.00
2025-05-03 21:36:21.423,3100,0.00,0.00,0.00,0.00
2025-05-03 21:36:21.521,3200,0.00,0.00,0.00,0.00
2025-05-03 21:36:21.624,3300,0.00,0.00,0.00,0.00
2025-05-03 21:36:21.722,3400,0.00,0.00,0.00,0.00
2025-05-03 21:36:21.826,3500,0.00,0.00,0.00,0.00
2025-05-03 21:36:21.923,3600,0.00,0.00,0.00,0.00
2025-05-03 21:36:22.026,3700,0.00,0.00,0.00,0.00
2025-05-03 21:36:22.125,3800,0.00,0.00,0.00,0.00
2025-05-03 21:36:22.221,3900,0.00,0.00,0.00,0.00
2025-05-03 21:36:22.324,4000,0.00,0.00,0.00,0.00
2025-05-03 21:36:22.424,4100,0.00,0.00,0.00,0.00
2025-05-03 21:36:22.526,4200,0.00,0.00,0.00,0.00
2025-05-03 21:36:22.624,4300,0.00,0.00,0.00,0.00
2025-05-03 21:36:22.722,4400,0.00,0.00,0.00,0.00
2025-05-03 21:36:22.825,4500,0.00,0.00,0.00,0.00
2025-05-03 21:36:22.922,4600,0.00,0.00,0.00,0.00
2025-05-03 21:36:23.024,4700,0.00,0.00,0.00,0.00
2025-05-03 21:36:23.126,4800,0.00,0.00,0.00,0.00
2025-05-03 21:36:23.222,4900,0.00,0.00,0.00,0.00
2025-05-03 21:36:23.323,5000,0.00,0.00,0.00,0.00
2025-05-03 21:36:23.422,5100,0.00,0.00,0.00,0.00
2025-05-03 21:36:23.524,5200,0.00,0.00,0.00,0.00
2025-05-03 21:36:23.623,5300,0.00,0.00,0.00,0.00
2025-05-03 21:36:23.721,5400,0.00,0.00,0.00,0.00
2025-05-03 21:36:23.823,5500,0.00,0.00,0.00,0.00
2025-05-03 21:36:23.921,5600,0.00,0.00,0.00,0.00
2025-05-03 21:36:24.023,5700,0.00,0.00,0.00,0.00
2025-05-03 21:36:24.125,5800,0.00,0.00,0.00,0.00
2025-05-03 21:36:24.222,5900,0.00,0.00,0.00,0.00
2025-05-03 21:36:24.323,6000,0.00,0.00,0.00,0.00
2025-05-03 21:36:24.421,6100,0.00,0.00,0.00,0.00
2025-05-03 21:36:24.523,6200,0.00,0.00,0.00,0.00
2025-05-03 21:36:24.623,6300,0.00,0.00,0.00,0.00
2025-05-03 21:36:24.720,6400,0.00,0.00,0.00,0.00
2025-05-03 21:36:24.825,6500,0.00,0.00,0.00,0.00
2025-05-03 21:36:24.921,6600,0.00,0.00,0.00,0.00
2025-05-03 21:36:25.019,6700,0.00,0.00,0.00,0.00
2025-05-03 21:36:25.121,6800,0.00,0.00,0.00,0.00
2025-05-03 21:36:25.219,6900,0.00,0.00,0.00,0.00
2025-05-03 21:36:25.323,7000,0.00,0.00,0.00,0.00
2025-05-03 21:36:25.421,7100,0.00,0.00,0.00,0.00
2025-05-03 21:36:25.522,7200,0.00,0.00,0.00,0.00
2025-05-03 21:36:25.621,7300,0.00,0.00,0.00,0.00
2025-05-03 21:36:25.719,7400,0.00,0.00,0.00,0.00
2025-05-03 21:36:25.821,7500,0.00,0.00,0.00,0.00
2025-05-03 21:36:25.920,7600,0.00,0.00,0.00,0.00
2025-05-03 21:36:26.022,7700,0.00,0.00,0.00,0.00
2025-05-03 21:36:26.121,7800,0.00,0.00,0.00,0.00
2025-05-03 21:36:26.220,7900,0.00,0.00,0.00,0.00
2025-05-03 21:36:26.322,8000,0.00,0.00,0.00,0.00
2025-05-03 21:36:26.420,8100,0.00,0.00,0.00,0.00
2025-05-03 21:36:26.522,8200,0.00,0.00,0.00,0.00
2025-05-03 21:36:26.620,8300,0.00,0.00,0.00,0.00
2025-05-03 21:36:26.725,8400,0.00,0.00,0.00,0.00
2025-05-03 21:36:26.822,8500,0.00,0.00,0.00,0.00
2025-05-03 21:36:26.920,8600,0.00,0.00,0.00,0.00
2025-05-03 21:36:27.024,8700,0.00,0.00,0.00,0.00
2025-05-03 21:36:27.120,8800,0.00,0.00,0.00,0.00
2025-05-03 21:36:27.220,8900,0.00,0.00,0.00,0.00
2025-05-03 21:36:27.323,9000,0.00,0.00,0.00,0.00
2025-05-03 21:36:27.423,9100,0.00,0.00,0.00,0.00
2025-05-03 21:36:27.524,9200,0.00,0.00,0.00,0.00
2025-05-03 21:36:27.620,9300,0.00,0.00,0.00,0.00
2025-05-03 21:36:27.719,9400,0.00,0.00,0.00,0.00
2025-05-03 21:36:27.821,9500,0.00,0.00,0.00,0.00
2025-05-03 21:36:27.922,9600,0.00,0.00,0.00,0.00
2025-05-03 21:36:28.021,9700,0.00,0.00,0.00,0.00
2025-05-03 21:36:28.120,9800,0.00,0.00,0.00,0.00
2025-05-03 21:36:28.218,9900,0.00,0.00,0.00,0.00
2025-05-03 21:36:28.321,10000,0.00,0.00,0.00,0.00
2025-05-03 21:36:28.422,10100,0.00,0.00,0.00,0.00
2025-05-03 21:36:28.521,10200,0.00,0.00,0.00,0.00
2025-05-03 21:36:28.619,10300,0.00,0.00,0.00,0.00
2025-05-03 21:36:28.722,10400,0.00,0.00,0.00,0.00
2025-05-03 21:36:28.821,10500,0.00,0.00,0.00,0.00
2025-05-03 21:36:28.922,10600,0.00,0.00,0.00,0.00
2025-05-03 21:36:29.021,10700,0.00,0.00,0.00,0.00
2025-05-03 21:36:29.119,10800,0.00,0.00,0.00,0.00
2025-05-03 21:36:29.221,10900,0.00,0.00,0.00,0.00
2025-05-03 21:36:29.321,11000,0.00,0.00,0.00,0.00
2025-05-03 21:36:29.418,11100,0.00,0.00,0.00,0.00
2025-05-03 21:36:29.520,11200,0.00,0.00,0.00,0.00
2025-05-03 21:36:29.618,11300,0.00,0.00,0.00,0.00
2025-05-03 21:36:29.721,11400,0.00,0.00,0.00,0.00
2025-05-03 21:36:29.819,11500,0.00,0.00,0.00,0.00
2025-05-03 21:36:29.921,11600,0.00,0.00,0.00,0.00
2025-05-03 21:36:30.021,11700,0.00,0.00,0.00,0.00
2025-05-03 21:36:30.118,11800,0.00,0.00,0.00,0.00
2025-05-03 21:36:30.221,11900,0.00,0.00,0.00,0.00
2025-05-03 21:36:30.319,12000,0.00,0.00,0.00,0.00
2025-05-03 21:36:30.421,12100,0.00,0.00,0.00,0.00
2025-05-03 21:36:30.523,12200,0.00,0.00,0.00,0.00
2025-05-03 21:36:30.618,12300,0.00,0.00,0.00,0.00
2025-05-03 21:36:30.720,12400,0.00,0.00,0.00,0.00
2025-05-03 21:36:30.819,12500,0.00,0.00,0.00,0.00
2025-05-03 21:36:30.921,12600,0.00,0.00,0.00,0.00
2025-05-03 21:36:31.020,12700,0.00,0.00,0.00,0.00
2025-05-03 21:36:31.117,12800,0.00,0.00,0.00,0.00
2025-05-03 21:36:31.220,12900,0.00,0.00,0.00,0.00
2025-05-03 21:36:31.319,13000,0.00,0.00,0.00,0.00
2025-05-03 21:36:31.417,13100,0.00,0.00,0.00,0.00
2025-05-03 21:36:31.519,13200,0.00,0.00,0.00,0.00
2025-05-03 21:36:31.617,13300,0.00,0.00,0.00,0.00
2025-05-03 21:36:31.720,13400,0.00,0.00,0.00,0.00
2025-05-03 21:36:31.819,13500,0.00,0.00,0.00,0.00
2025-05-03 21:36:31.922,13600,0.00,0.00,0.00,0.00
2025-05-03 21:36:32.019,13700,0.00,0.00,0.00,0.00
2025-05-03 21:36:32.117,13800,0.00,0.00,0.00,0.00
2025-05-03 21:36:32.219,13900,0.00,0.00,0.00,0.00
2025-05-03 21:36:32.318,14000,0.00,0.00,0.00,0.00
2025-05-03 21:36:32.420,14100,0.00,0.00,0.00,0.00
2025-05-03 21:36:32.519,14200,0.00,0.00,0.00,0.00
2025-05-03 21:36:32.616,14300,0.00,0.00,0.00,0.00
2025-05-03 21:36:32.719,14400,0.00,0.00,0.00,0.00
2025-05-03 21:36:32.819,14500,0.00,0.00,0.00,0.00
2025-05-03 21:36:32.920,14600,0.00,0.00,0.00,0.00
2025-05-03 21:36:33.024,14700,0.00,0.00,0.00,0.00
2025-05-03 21:36:33.116,14800,0.00,0.00,0.00,0.00
2025-05-03 21:36:33.219,14900,0.00,0.00,0.00,0.00
2025-05-03 21:36:33.318,15000,0.00,0.00,0.00,0.00
2025-05-03 21:36:33.422,15100,0.00,0.00,0.00,0.00
2025-05-03 21:36:33.523,15200,0.00,0.00,0.00,0.00
2025-05-03 21:36:33.616,15300,0.00,0.00,0.00,0.00
2025-05-03 21:36:33.719,15400,0.00,0.00,0.00,0.00
2025-05-03 21:36:33.819,15500,0.00,0.00,0.00,0.00
2025-05-03 21:36:33.919,15600,0.00,0.00,0.00,0.00
2025-05-03 21:36:34.017,15700,0.00,0.00,0.00,0.00
2025-05-03 21:36:34.116,15800,0.00,0.00,0.00,0.00
2025-05-03 21:36:34.218,15900,0.00,0.00,0.00,0.00
2025-05-03 21:36:34.316,16000,0.00,0.00,0.00,0.00
2025-05-03 21:36:34.419,16100,0.00,0.00,0.00,0.00
2025-05-03 21:36:34.517,16200,0.00,0.00,0.00,0.00
2025-05-03 21:36:34.617,16300,0.00,0.00,0.00,0.00
2025-05-03 21:36:34.718,16400,0.00,0.00,0.00,0.00
2025-05-03 21:36:34.818,16500,0.00,0.00,0.00,0.00
2025-05-03 21:36:34.919,16600,0.00,0.00,0.00,0.00
2025-05-03 21:36:35.017,16700,0.00,0.00,0.00,0.00
2025-05-03 21:36:35.116,16800,0.00,0.00,0.00,0.00
2025-05-03 21:36:35.217,16900,0.00,0.00,0.00,0.00
2025-05-03 21:36:35.317,17000,0.00,0.00,0.00,0.00
2025-05-03 21:36:35.418,17100,0.00,0.00,0.00,0.00
2025-05-03 21:36:35.516,17200,0.00,0.00,0.00,0.00
2025-05-03 21:36:35.618,17300,0.00,0.00,0.00,0.00
2025-05-03 21:36:35.717,17400,0.00,0.00,0.00,0.00
2025-05-03 21:36:35.816,17500,0.00,0.00,0.00,0.00
2025-05-03 21:36:35.920,17600,0.00,0.00,0.00,0.00
2025-05-03 21:36:36.016,17700,0.00,0.00,0.00,0.00
2025-05-03 21:36:36.115,17800,0.00,0.00,0.00,0.00
2025-05-03 21:36:36.217,17900,0.00,0.00,0.00,0.00
2025-05-03 21:36:36.315,18000,0.00,0.00,0.00,0.00
2025-05-03 21:36:36.418,18100,0.00,0.00,0.00,0.00
2025-05-03 21:36:36.516,18200,0.00,0.00,0.00,0.00
2025-05-03 21:36:36.618,18300,0.00,0.00,0.00,0.00
2025-05-03 21:36:36.718,18400,0.00,0.00,0.00,0.00
2025-05-03 21:36:36.817,18500,0.00,0.00,0.00,0.00
2025-05-03 21:36:36.917,18600,0.00,0.00,0.00,0.00
2025-05-03 21:36:37.016,18700,0.00,0.00,0.00,0.00
2025-05-03 21:36:37.114,18800,0.00,0.00,0.00,0.00
2025-05-03 21:36:37.216,18900,0.00,0.00,0.00,0.00
2025-05-03 21:36:37.315,19000,0.00,0.00,0.00,0.00
2025-05-03 21:36:37.417,19100,0.00,0.00,0.00,0.00
2025-05-03 21:36:37.515,19200,0.00,0.00,0.00,0.00
2025-05-03 21:36:37.614,19300,0.00,0.00,0.00,0.00
2025-05-03 21:36:37.717,19400,0.00,0.00,0.00,0.00
2025-05-03 21:36:37.816,19500,0.00,0.00,0.00,0.00
2025-05-03 21:36:37.917,19600,0.00,0.00,0.00,0.00
2025-05-03 21:36:38.015,19700,0.00,0.00,0.00,0.00
2025-05-03 21:36:38.113,19800,0.00,0.00,0.00,0.00
2025-05-03 21:36:38.217,19900,0.00,0.00,0.00,0.00
2025-05-03 21:36:38.314,20000,0.00,0.00,0.00,0.00
2025-05-03 21:36:38.416,20100,0.00,0.00,0.00,0.00
2025-05-03 21:36:38.521,20200,0.00,0.00,0.00,0.00
2025-05-03 21:36:38.619,20300,0.00,0.00,0.00,0.00
2025-05-03 21:36:38.715,20400,0.00,0.00,0.00,0.00
2025-05-03 21:36:38.815,20500,0.00,0.00,0.00,0.00
2025-05-03 21:36:38.918,20600,0.00,0.00,0.00,0.00
2025-05-03 21:36:39.015,20700,0.00,0.00,0.00,0.00
2025-05-03 21:36:39.114,20800,0.00,0.00,0.00,0.00
2025-05-03 21:36:39.216,20900,0.00,0.00,0.00,0.00
2025-05-03 21:36:39.319,21000,0.00,0.00,0.00,0.00
2025-05-03 21:36:39.419,21100,0.00,0.00,0.00,0.00
2025-05-03 21:36:39.514,21200,0.00,0.00,0.00,0.00
2025-05-03 21:36:39.612,21300,0.00,0.00,0.00,0.00
2025-05-03 21:36:39.719,21400,0.00,0.00,0.00,0.00
2025-05-03 21:36:39.813,21500,0.00,0.00,0.00,0.00
2025-05-03 21:36:39.915,21600,0.00,0.00,0.00,0.00
2025-05-03 21:36:40.014,21700,0.00,0.00,0.00,0.00
2025-05-03 21:36:40.116,21800,0.00,0.00,0.00,0.00
2025-05-03 21:36:40.214,21900,0.00,0.00,0.00,0.00
2025-05-03 21:36:40.313,22000,0.00,0.00,0.00,0.00
2025-05-03 21:36:40.415,22100,0.00,0.00,0.00,0.00
2025-05-03 21:36:40.514,22200,0.00,0.00,0.00,0.00
2025-05-03 21:36:40.615,22300,0.00,0.00,0.00,0.00
2025-05-03 21:36:40.714,22400,0.00,0.00,0.00,0.00
2025-05-03 21:36:40.814,22500,0.00,0.00,0.00,0.00
2025-05-03 21:36:40.917,22600,0.00,0.00,0.00,0.00
2025-05-03 21:36:41.014,22700,0.00,0.00,0.00,0.00
2025-05-03 21:36:41.112,22800,0.00,0.00,0.00,0.00
2025-05-03 21:36:41.217,22900,0.00,0.00,0.00,0.00
2025-05-03 21:36:41.318,23000,0.00,0.00,0.00,0.00
2025-05-03 21:36:41.415,23100,0.00,0.00,0.00,0.00
2025-05-03 21:36:41.516,23200,0.00,0.00,0.00,0.00
2025-05-03 21:36:41.612,23300,0.00,0.00,0.00,0.00
2025-05-03 21:36:41.715,23400,0.00,0.00,0.00,0.00
2025-05-03 21:36:41.813,23500,0.00,0.00,0.00,0.00
2025-05-03 21:36:41.915,23600,0.00,0.00,0.00,0.00
2025-05-03 21:36:42.013,23700,0.00,0.00,0.00,0.00
2025-05-03 21:36:42.115,23800,0.00,0.00,0.00,0.00
2025-05-03 21:36:42.213,23900,0.00,0.00,0.00,0.00
2025-05-03 21:36:42.313,24000,0.00,0.00,0.00,0.00
2025-05-03 21:36:42.414,24100,0.00,0.00,0.00,0.00
2025-05-03 21:36:42.513,24200,0.00,0.00,0.00,0.00
2025-05-03 21:36:42.617,24300,0.00,0.00,0.00,0.00
2025-05-03 21:36:42.713,24400,0.00,0.00,0.00,0.00
2025-05-03 21:36:42.811,24500,0.00,0.00,0.00,0.00
2025-05-03 21:36:42.913,24600,0.00,0.00,0.00,0.00
2025-05-03 21:36:43.013,24700,0.00,0.00,0.00,0.00
2025-05-03 21:36:43.110,24800,0.00,0.00,0.00,0.00
2025-05-03 21:36:43.214,24900,0.00,0.00,0.00,0.00
2025-05-03 21:36:43.312,25000,0.00,0.00,0.00,0.00
2025-05-03 21:36:43.413,25100,0.00,0.00,0.00,0.00
2025-05-03 21:36:43.512,25200,0.00,0.00,0.00,0.00
2025-05-03 21:36:43.614,25300,0.00,0.00,0.00,0.00
2025-05-03 21:36:43.713,25400,0.00,0.00,0.00,0.00
2025-05-03 21:36:43.813,25500,0.00,0.00,0.00,0.00
2025-05-03 21:36:43.913,25600,0.00,0.00,0.00,0.00
2025-05-03 21:36:44.013,25700,0.00,0.00,0.00,0.00
2025-05-03 21:36:44.114,25800,0.00,0.00,0.00,0.00
2025-05-03 21:36:44.214,25900,0.00,0.00,0.00,0.00
2025-05-03 21:36:44.314,26000,0.00,0.00,0.00,0.00
2025-05-03 21:36:44.414,26100,0.00,0.00,0.00,0.00
2025-05-03 21:36:44.511,26200,0.00,0.00,0.00,0.00
2025-05-03 21:36:44.614,26300,0.00,0.00,0.00,0.00
2025-05-03 21:36:44.712,26400,0.00,0.00,0.00,0.00
2025-05-03 21:36:44.811,26500,0.00,0.00,0.00,0.00
2025-05-03 21:36:44.912,26600,0.00,0.00,0.00,0.00
2025-05-03 21:36:45.012,26700,0.00,0.00,0.00,0.00
2025-05-03 21:36:45.110,26800,0.00,0.00,0.00,0.00
2025-05-03 21:36:45.211,26900,0.00,0.00,0.00,0.00
2025-05-03 21:36:45.311,27000,0.00,0.00,0.00,0.00
2025-05-03 21:36:45.412,27100,0.00,0.00,0.00,0.00
2025-05-03 21:36:45.510,27200,0.00,0.00,0.00,0.00
2025-05-03 21:36:45.613,27300,0.00,0.00,0.00,0.00
2025-05-03 21:36:45.711,27400,0.00,0.00,0.00,0.00
2025-05-03 21:36:45.810,27500,0.00,0.00,0.00,0.00
2025-05-03 21:36:45.912,27600,0.00,0.00,0.00,0.00
2025-05-03 21:36:46.011,27700,0.00,0.00,0.00,0.00
2025-05-03 21:36:46.113,27800,0.00,0.00,0.00,0.00
2025-05-03 21:36:46.212,27900,0.00,0.00,0.00,0.00
2025-05-03 21:36:46.310,28000,0.00,0.00,0.00,0.00
2025-05-03 21:36:46.411,28100,0.00,0.00,0.00,0.00
2025-05-03 21:36:46.510,28200,0.00,0.00,0.00,0.00
2025-05-03 21:36:46.614,28300,0.00,0.00,0.00,0.00
2025-05-03 21:36:46.710,28400,0.00,0.00,0.00,0.00
2025-05-03 21:36:46.813,28500,0.00,0.00,0.00,0.00
2025-05-03 21:36:46.912,28600,0.00,0.00,0.00,0.00
2025-05-03 21:36:47.009,28700,0.00,0.00,0.00,0.00
2025-05-03 21:36:47.108,28800,0.00,0.00,0.00,0.00
2025-05-03 21:36:47.211,28900,0.00,0.00,0.00,0.00
2025-05-03 21:36:47.309,29000,0.00,0.00,0.00,0.00
2025-05-03 21:36:47.411,29100,0.00,0.00,0.00,0.00
2025-05-03 21:36:47.509,29200,0.00,0.00,0.00,0.00
2025-05-03 21:36:47.611,29300,0.00,0.00,0.00,0.00
2025-05-03 21:36:47.711,29400,0.00,0.00,0.00,0.00
2025-05-03 21:36:47.808,29500,0.00,0.00,0.00,0.00
2025-05-03 21:36:47.910,29600,0.00,0.00,0.00,0.00
2025-05-03 21:36:48.009,29700,0.00,0.00,0.00,0.00
2025-05-03 21:36:48.111,29800,0.00,0.00,0.00,0.00
2025-05-03 21:36:48.213,29900,0.00,0.00,0.00,0.00
2025-05-03 21:36:48.308,30000,0.00,0.00,0.00,0.00
2025-05-03 21:36:48.412,30100,0.00,0.00,0.00,0.00
2025-05-03 21:36:48.509,30200,0.00,0.00,0.00,0.00
2025-05-03 21:36:48.611,30300,0.00,0.00,0.00,0.00
2025-05-03 21:36:48.709,30400,0.00,0.00,0.00,0.00
2025-05-03 21:36:48.812,30500,0.00,0.00,0.00,0.00
2025-05-03 21:36:48.910,30600,0.00,0.00,0.00,0.00
2025-05-03 21:36:49.013,30700,0.00,0.00,0.00,0.00
2025-05-03 21:36:49.112,30800,0.00,0.00,0.00,0.00
2025-05-03 21:36:49.209,30900,0.00,0.00,0.00,0.00
2025-05-03 21:36:49.309,31000,0.00,0.00,0.00,0.00
2025-05-03 21:36:49.410,31100,0.00,0.00,0.00,0.00
2025-05-03 21:36:49.508,31200,0.00,0.00,0.00,0.00
2025-05-03 21:36:49.611,31300,0.00,0.00,0.00,0.00
2025-05-03 21:36:49.709,31400,0.00,0.00,0.00,0.00
2025-05-03 21:36:49.808,31500,0.00,0.00,0.00,0.00
2025-05-03 21:36:49.910,31600,0.00,0.00,0.00,0.00
2025-05-03 21:36:50.008,31700,0.00,0.00,0.00,0.00
2025-05-03 21:36:50.110,31800,0.00,0.00,0.00,0.00
2025-05-03 21:36:50.211,31900,0.00,0.00,0.00,0.00
2025-05-03 21:36:50.307,32000,0.00,0.00,0.00,0.00
2025-05-03 21:36:50.409,32100,0.00,0.00,0.00,0.00
2025-05-03 21:36:50.510,32200,0.00,0.00,0.00,0.00
2025-05-03 21:36:50.612,32300,0.00,0.00,0.00,0.00
2025-05-03 21:36:50.708,32400,0.00,0.00,0.00,0.00
2025-05-03 21:36:50.811,32500,0.00,0.00,0.00,0.00
2025-05-03 21:36:50.908,32600,0.00,0.00,0.00,0.00
2025-05-03 21:36:51.007,32700,0.00,0.00,0.00,0.00
2025-05-03 21:36:51.112,32800,0.00,0.00,0.00,0.00
2025-05-03 21:36:51.208,32900,0.00,0.00,0.00,0.00
2025-05-03 21:36:51.310,33000,0.00,0.00,0.00,0.00
2025-05-03 21:36:51.409,33100,0.00,0.00,0.00,0.00
2025-05-03 21:36:51.507,33200,0.00,0.00,0.00,0.00
2025-05-03 21:36:51.609,33300,0.00,0.00,0.00,0.00
2025-05-03 21:36:51.709,33400,0.00,0.00,0.00,0.00
2025-05-03 21:36:51.806,33500,0.00,0.00,0.00,0.00
2025-05-03 21:36:51.911,33600,0.00,0.00,0.00,0.00
2025-05-03 21:36:52.007,33700,0.00,0.00,0.00,0.00
2025-05-03 21:36:52.110,33800,0.00,0.00,0.00,0.00
2025-05-03 21:36:52.208,33900,0.00,0.00,0.00,0.00
2025-05-03 21:36:52.311,34000,0.00,0.00,0.00,0.00
2025-05-03 21:36:52.409,34100,0.00,0.00,0.00,0.00
2025-05-03 21:36:52.506,34200,0.00,0.00,0.00,0.00
2025-05-03 21:36:52.608,34300,0.00,0.00,0.00,0.00
2025-05-03 21:36:52.707,34400,0.00,0.00,0.00,0.00
2025-05-03 21:36:52.811,34500,0.00,0.00,0.00,0.00
2025-05-03 21:36:52.908,34600,0.00,0.00,0.00,0.00
2025-05-03 21:36:53.007,34700,0.00,0.00,0.00,0.00
2025-05-03 21:36:53.108,34800,0.00,0.00,0.00,0.00
2025-05-03 21:36:53.207,34900,0.00,0.00,0.00,0.00
2025-05-03 21:36:53.305,35000,0.00,0.00,0.00,0.00
2025-05-03 21:36:53.407,35100,0.00,0.00,0.00,0.00
2025-05-03 21:36:53.507,35200,0.00,0.00,0.00,0.00
2025-05-03 21:36:53.608,35300,0.00,0.00,0.00,0.00
2025-05-03 21:36:53.706,35400,0.00,0.00,0.00,0.00
2025-05-03 21:36:53.805,35500,0.00,0.00,0.00,0.00
2025-05-03 21:36:53.911,35600,0.00,0.00,0.00,0.00
2025-05-03 21:36:54.010,35700,0.00,0.00,0.00,0.00
2025-05-03 21:36:54.111,35800,0.00,0.00,0.00,0.00
2025-05-03 21:36:54.206,35900,0.00,0.00,0.00,0.00
2025-05-03 21:36:54.310,36000,0.00,0.00,0.00,0.00
2025-05-03 21:36:54.407,36100,0.00,0.00,0.00,0.00
2025-05-03 21:36:54.505,36200,0.00,0.00,0.00,0.00
2025-05-03 21:36:54.608,36300,0.00,0.00,0.00,0.00
2025-05-03 21:36:54.706,36400,0.00,0.00,0.00,0.00
2025-05-03 21:36:54.811,36500,0.00,0.00,0.00,0.00
2025-05-03 21:36:54.907,36600,0.00,0.00,0.00,0.00
2025-05-03 21:36:55.008,36700,0.00,0.00,0.00,0.00
2025-05-03 21:36:55.107,36800,0.00,0.00,0.00,0.00
2025-05-03 21:36:55.205,36900,0.00,0.00,0.00,0.00
2025-05-03 21:36:55.304,37000,0.00,0.00,0.00,0.00
2025-05-03 21:36:55.406,37100,0.00,0.00,0.00,0.00
2025-05-03 21:36:55.508,37200,0.00,0.00,0.00,0.00
2025-05-03 21:36:55.606,37300,0.00,0.00,0.00,0.00
2025-05-03 21:36:55.705,37400,0.00,0.00,0.00,0.00
2025-05-03 21:36:55.808,37500,0.00,0.00,0.00,0.00
2025-05-03 21:36:55.906,37600,0.00,0.00,0.00,0.00
2025-05-03 21:36:56.004,37700,0.00,0.00,0.00,0.00
2025-05-03 21:36:56.106,37800,0.00,0.00,0.00,0.00
2025-05-03 21:36:56.204,37900,0.00,0.00,0.00,0.00
2025-05-03 21:36:56.309,38000,0.00,0.00,0.00,0.00
2025-05-03 21:36:56.407,38100,0.00,0.00,0.00,0.00
2025-05-03 21:36:56.504,38200,0.00,0.00,0.00,0.00
2025-05-03 21:36:56.606,38300,0.00,0.00,0.00,0.00
2025-05-03 21:36:56.704,38400,0.00,0.00,0.00,0.00
2025-05-03 21:36:56.807,38500,0.00,0.00,0.00,0.00
2025-05-03 21:36:56.905,38600,0.00,0.00,0.00,0.00
2025-05-03 21:36:57.004,38700,0.00,0.00,0.00,0.00
2025-05-03 21:36:57.105,38800,0.00,0.00,0.00,0.00
2025-05-03 21:36:57.204,38900,0.00,0.00,0.00,0.00
2025-05-03 21:36:57.303,39000,0.00,0.00,0.00,0.00
2025-05-03 21:36:57.405,39100,0.00,0.00,0.00,0.00
2025-05-03 21:36:57.503,39200,0.00,0.00,0.00,0.00
2025-05-03 21:36:57.606,39300,0.00,0.00,0.00,0.00
2025-05-03 21:36:57.703,39400,0.00,0.00,0.00,0.00
2025-05-03 21:36:57.810,39500,0.00,0.00,0.00,0.00
2025-05-03 21:36:57.905,39600,0.00,0.00,0.00,0.00
2025-05-03 21:36:58.002,39700,0.00,0.00,0.00,0.00
2025-05-03 21:36:58.105,39800,0.00,0.00,0.00,0.00
2025-05-03 21:36:58.203,39900,0.00,0.00,0.00,0.00
2025-05-03 21:36:58.308,40000,0.00,0.00,0.00,0.00
2025-05-03 21:36:58.404,40100,0.00,0.00,0.00,0.00
2025-05-03 21:36:58.502,40200,0.00,0.00,0.00,0.00
2025-05-03 21:36:58.607,40300,0.00,0.00,0.00,0.00
2025-05-03 21:36:58.703,40400,0.00,0.00,0.00,0.00
2025-05-03 21:36:58.805,40500,0.00,0.00,0.00,0.00
2025-05-03 21:36:58.903,40600,0.00,0.00,0.00,0.00
2025-05-03 21:36:59.002,40700,0.00,0.00,0.00,0.00
2025-05-03 21:36:59.104,40800,0.00,0.00,0.00,0.00
2025-05-03 21:36:59.202,40900,0.00,0.00,0.00,0.00
2025-05-03 21:36:59.305,41000,0.00,0.00,0.00,0.00
2025-05-03 21:36:59.404,41100,0.00,0.00,0.00,0.00
2025-05-03 21:36:59.502,41200,0.00,0.00,0.00,0.00
2025-05-03 21:36:59.604,41300,0.00,0.00,0.00,0.00
2025-05-03 21:36:59.703,41400,0.00,0.00,0.00,0.00
2025-05-03 21:36:59.805,41500,0.00,0.00,0.00,0.00
2025-05-03 21:36:59.903,41600,0.00,0.00,0.00,0.00
2025-05-03 21:37:00.002,41700,0.00,0.00,0.00,0.00
2025-05-03 21:37:00.104,41800,0.00,0.00,0.00,0.00
2025-05-03 21:37:00.202,41900,0.00,0.00,0.00,0.00
2025-05-03 21:37:00.305,42000,0.00,0.00,0.00,0.00
2025-05-03 21:37:00.403,42100,0.00,0.00,0.00,0.00
2025-05-03 21:37:00.502,42200,0.00,0.00,0.00,0.00
2025-05-03 21:37:00.604,42300,0.00,0.00,0.00,0.00
2025-05-03 21:37:00.702,42400,0.00,0.00,0.00,0.00
2025-05-03 21:37:00.804,42500,0.00,0.00,0.00,0.00
2025-05-03 21:37:00.902,42600,0.00,0.00,0.00,0.00
2025-05-03 21:37:01.000,42700,0.00,0.00,0.00,0.00
2025-05-03 21:37:01.103,42800,0.00,0.00,0.00,0.00
2025-05-03 21:37:01.201,42900,0.00,0.00,0.00,0.00
2025-05-03 21:37:01.304,43000,0.00,0.00,0.00,0.00
2025-05-03 21:37:01.403,43100,0.00,0.00,0.00,0.00
2025-05-03 21:37:01.500,43200,0.00,0.00,0.00,0.00
2025-05-03 21:37:01.603,43300,0.00,0.00,0.00,0.00
2025-05-03 21:37:01.702,43400,0.00,0.00,0.00,0.00
2025-05-03 21:37:01.805,43500,0.00,0.00,0.00,0.00
2025-05-03 21:37:01.902,43600,0.00,0.00,0.00,0.00
2025-05-03 21:37:02.000,43700,0.00,0.00,0.00,0.00
2025-05-03 21:37:02.103,43800,0.00,0.00,0.00,0.00
2025-05-03 21:37:02.203,43900,0.00,0.00,0.00,0.00
2025-05-03 21:37:02.303,44000,0.00,0.00,0.00,0.00
2025-05-03 21:37:02.403,44100,0.00,0.00,0.00,0.00
2025-05-03 21:37:02.504,44200,0.00,0.00,0.00,0.00
2025-05-03 21:37:02.603,44300,0.00,0.00,0.00,0.00
2025-05-03 21:37:02.701,44400,0.00,0.00,0.00,0.00
2025-05-03 21:37:02.803,44500,0.00,0.00,0.00,0.00
2025-05-03 21:37:02.902,44600,0.00,0.00,0.00,0.00
2025-05-03 21:37:03.000,44700,0.00,0.00,0.00,0.00
2025-05-03 21:37:03.102,44800,0.00,0.00,0.00,0.00
2025-05-03 21:37:03.200,44900,0.00,0.00,0.00,0.00
2025-05-03 21:37:03.303,45000,0.00,0.00,0.00,0.00
2025-05-03 21:37:03.407,45100,0.00,0.00,0.00,0.00
2025-05-03 21:37:03.500,45200,0.00,0.00,0.00,0.00
2025-05-03 21:37:03.602,45300,0.00,0.00,0.00,0.00
2025-05-03 21:37:03.701,45400,0.00,0.00,0.00,0.00
2025-05-03 21:37:03.803,45500,0.00,0.00,0.00,0.00
2025-05-03 21:37:03.901,45600,0.00,0.00,0.00,0.00
2025-05-03 21:37:03.999,45700,0.00,0.00,0.00,0.00
2025-05-03 21:37:04.101,45800,0.00,0.00,0.00,0.00
2025-05-03 21:37:04.200,45900,0.00,0.00,0.00,0.00
2025-05-03 21:37:04.304,46000,0.00,0.00,0.00,0.00
2025-05-03 21:37:04.400,46100,0.00,0.00,0.00,0.00
2025-05-03 21:37:04.502,46200,0.00,0.00,0.00,0.00
2025-05-03 21:37:04.601,46300,0.00,0.00,0.00,0.00
2025-05-03 21:37:04.699,46400,0.00,0.00,0.00,0.00
2025-05-03 21:37:04.802,46500,0.00,0.00,0.00,0.00
2025-05-03 21:37:04.900,46600,0.00,0.00,0.00,0.00
2025-05-03 21:37:04.999,46700,0.00,0.00,0.00,0.00
2025-05-03 21:37:05.101,46800,0.00,0.00,0.00,0.00
2025-05-03 21:37:05.200,46900,0.00,0.00,0.00,0.00
2025-05-03 21:37:05.306,47000,0.00,0.00,0.00,0.00
2025-05-03 21:37:05.403,47100,0.00,0.00,0.00,0.00
2025-05-03 21:37:05.502,47200,0.00,0.00,0.00,0.00
2025-05-03 21:37:05.603,47300,0.00,0.00,0.00,0.00
2025-05-03 21:37:05.699,47400,0.00,0.00,0.00,0.00
2025-05-03 21:37:05.801,47500,0.00,0.00,0.00,0.00
2025-05-03 21:37:05.900,47600,0.00,0.00,0.00,0.00
2025-05-03 21:37:06.002,47700,0.00,0.00,0.00,0.00
2025-05-03 21:37:06.100,47800,0.00,0.00,0.00,0.00
2025-05-03 21:37:06.201,47900,0.00,0.00,0.00,0.00
2025-05-03 21:37:06.301,48000,0.00,0.00,0.00,0.00
2025-05-03 21:37:06.399,48100,0.00,0.00,0.00,0.00
2025-05-03 21:37:06.504,48200,0.00,0.00,0.00,0.00
2025-05-03 21:37:06.600,48300,0.00,0.00,0.00,0.00
2025-05-03 21:37:06.699,48400,0.00,0.00,0.00,0.00
2025-05-03 21:37:06.801,48500,0.00,0.00,0.00,0.00
2025-05-03 21:37:06.899,48600,0.00,0.00,0.00,0.00
2025-05-03 21:37:06.998,48700,0.00,0.00,0.00,0.00
2025-05-03 21:37:07.099,48800,0.00,0.00,0.00,0.00
2025-05-03 21:37:07.199,48900,0.00,0.00,0.00,0.00
2025-05-03 21:37:07.302,49000,0.00,0.00,0.00,0.00
2025-05-03 21:37:07.398,49100,0.00,0.00,0.00,0.00
2025-05-03 21:37:07.499,49200,0.00,0.00,0.00,0.00
2025-05-03 21:37:07.599,49300,0.00,0.00,0.00,0.00
2025-05-03 21:37:07.698,49400,0.00,0.00,0.00,0.00
2025-05-03 21:37:07.800,49500,0.00,0.00,0.00,0.00
2025-05-03 21:37:07.898,49600,0.00,0.00,0.00,0.00
2025-05-03 21:37:08.001,49700,0.00,0.00,0.00,0.00
2025-05-03 21:37:08.099,49800,0.00,0.00,0.00,0.00
2025-05-03 21:37:08.198,49900,0.00,0.00,0.00,0.00
2025-05-03 21:37:08.300,50000,0.00,0.00,0.00,0.00
2025-05-03 21:37:08.398,50100,0.00,0.00,0.00,0.00
2025-05-03 21:37:08.501,50200,0.00,0.00,0.00,0.00
2025-05-03 21:37:08.599,50300,0.00,0.00,0.00,0.00
2025-05-03 21:37:08.697,50400,0.00,0.00,0.00,0.00
2025-05-03 21:37:08.800,50500,0.00,0.00,0.00,0.00
2025-05-03 21:37:08.898,50600,0.00,0.00,0.00,0.00
2025-05-03 21:37:08.998,50700,0.00,0.00,0.00,0.00
2025-05-03 21:37:09.098,50800,0.00,0.00,0.00,0.00
2025-05-03 21:37:09.197,50900,0.00,0.00,0.00,0.00
2025-05-03 21:37:09.299,51000,0.00,0.00,0.00,0.00
2025-05-03 21:37:09.398,51100,0.00,0.00,0.00,0.00
2025-05-03 21:37:09.497,51200,0.00,0.00,0.00,0.00
2025-05-03 21:37:09.599,51300,0.00,0.00,0.00,0.00
2025-05-03 21:37:09.697,51400,0.00,0.00,0.00,0.00
2025-05-03 21:37:09.799,51500,0.00,0.00,0.00,0.00
2025-05-03 21:37:09.897,51600,0.00,0.00,0.00,0.00
2025-05-03 21:37:10.000,51700,0.00,0.00,0.00,0.00
2025-05-03 21:37:10.098,51800,0.00,0.00,0.00,0.00
2025-05-03 21:37:10.197,51900,0.00,0.00,0.00,0.00
2025-05-03 21:37:10.303,52000,0.00,0.00,0.00,0.00
2025-05-03 21:37:10.397,52100,0.00,0.00,0.00,0.00
2025-05-03 21:37:10.499,52200,0.00,0.00,0.00,0.00
2025-05-03 21:37:10.599,52300,0.00,0.00,0.00,0.00
2025-05-03 21:37:10.695,52400,0.00,0.00,0.00,0.00
2025-05-03 21:37:10.798,52500,0.00,0.00,0.00,0.00
2025-05-03 21:37:10.896,52600,0.00,0.00,0.00,0.00
2025-05-03 21:37:10.995,52700,0.00,0.00,0.00,0.00
2025-05-03 21:37:11.098,52800,0.00,0.00,0.00,0.00
2025-05-03 21:37:11.196,52900,0.00,0.00,0.00,0.00
2025-05-03 21:37:11.298,53000,0.00,0.00,0.00,0.00
2025-05-03 21:37:11.396,53100,0.00,0.00,0.00,0.00
2025-05-03 21:37:11.498,53200,0.00,0.00,0.00,0.00
2025-05-03 21:37:11.597,53300,0.00,0.00,0.00,0.00
2025-05-03 21:37:11.695,53400,0.00,0.00,0.00,0.00
2025-05-03 21:37:11.801,53500,0.00,0.00,0.00,0.00
2025-05-03 21:37:11.901,53600,0.00,0.00,0.00,0.00
2025-05-03 21:37:12.003,53700,0.00,0.00,0.00,0.00
2025-05-03 21:37:12.097,53800,0.00,0.00,0.00,0.00
2025-05-03 21:37:12.200,53900,0.00,0.00,0.00,0.00
2025-05-03 21:37:12.298,54000,0.00,0.00,0.00,0.00
2025-05-03 21:37:12.396,54100,0.00,0.00,0.00,0.00
2025-05-03 21:37:12.505,54200,0.00,0.00,0.00,0.00
2025-05-03 21:37:12.596,54300,0.00,0.00,0.00,0.00
2025-05-03 21:37:12.697,54400,0.00,0.00,0.00,0.00
2025-05-03 21:37:12.797,54500,0.00,0.00,0.00,0.00
2025-05-03 21:37:12.895,54600,0.00,0.00,0.00,0.00
2025-05-03 21:37:12.993,54700,0.00,0.00,0.00,0.00
2025-05-03 21:37:13.096,54800,0.00,0.00,0.00,0.00
2025-05-03 21:37:13.195,54900,0.00,0.00,0.00,0.00
2025-05-03 21:37:13.297,55000,0.00,0.00,0.00,0.00
2025-05-03 21:37:13.395,55100,0.00,0.00,0.00,0.00
2025-05-03 21:37:13.499,55200,0.00,0.00,0.00,0.00
2025-05-03 21:37:13.597,55300,0.00,0.00,0.00,0.00
2025-05-03 21:37:13.694,55400,0.00,0.00,0.00,0.00
2025-05-03 21:37:13.797,55500,0.00,0.00,0.00,0.00
2025-05-03 21:37:13.896,55600,0.00,0.00,0.00,0.00
2025-05-03 21:37:13.998,55700,0.00,0.00,0.00,0.00
2025-05-03 21:37:14.095,55800,0.00,0.00,0.00,0.00
2025-05-03 21:37:14.193,55900,0.00,0.00,0.00,0.00
2025-05-03 21:37:14.296,56000,0.00,0.00,0.00,0.00
2025-05-03 21:37:14.396,56100,0.00,0.00,0.00,0.00
2025-05-03 21:37:14.497,56200,0.00,0.00,0.00,0.00
2025-05-03 21:37:14.596,56300,0.00,0.00,0.00,0.00
2025-05-03 21:37:14.697,56400,0.00,0.00,0.00,0.00
2025-05-03 21:37:14.796,56500,0.00,0.00,0.00,0.00
2025-05-03 21:37:14.894,56600,0.00,0.00,0.00,0.00
2025-05-03 21:37:14.999,56700,0.00,0.00,0.00,0.00
2025-05-03 21:37:15.096,56800,0.00,0.00,0.00,0.00
2025-05-03 21:37:15.193,56900,0.00,0.00,0.00,0.00
2025-05-03 21:37:15.296,57000,0.00,0.00,0.00,0.00
2025-05-03 21:37:15.394,57100,0.00,0.00,0.00,0.00
2025-05-03 21:37:15.496,57200,0.00,0.00,0.00,0.00
2025-05-03 21:37:15.595,57300,0.00,0.00,0.00,0.00
2025-05-03 21:37:15.693,57400,0.00,0.00,0.00,0.00
2025-05-03 21:37:15.795,57500,0.00,0.00,0.00,0.00
2025-05-03 21:37:15.895,57600,0.00,0.00,0.00,0.00
2025-05-03 21:37:15.996,57700,0.00,0.00,0.00,0.00
2025-05-03 21:37:16.094,57800,0.00,0.00,0.00,0.00
2025-05-03 21:37:16.193,57900,0.00,0.00,0.00,0.00
2025-05-03 21:37:16.295,58000,0.00,0.00,0.00,0.00
2025-05-03 21:37:16.393,58100,0.00,0.00,0.00,0.00
2025-05-03 21:37:16.495,58200,0.00,0.00,0.00,0.00
2025-05-03 21:37:16.594,58300,0.00,0.00,0.00,0.00
2025-05-03 21:37:16.696,58400,0.00,0.00,0.00,0.00
2025-05-03 21:37:16.794,58500,0.00,0.00,0.00,0.00
2025-05-03 21:37:16.894,58600,0.00,0.00,0.00,0.00
2025-05-03 21:37:16.995,58700,0.00,0.00,0.00,0.00
2025-05-03 21:37:17.094,58800,0.00,0.00,0.00,0.00
2025-05-03 21:37:17.192,58900,0.00,0.00,0.00,0.00
2025-05-03 21:37:17.294,59000,0.00,0.00,0.00,0.00
2025-05-03 21:37:17.393,59100,0.00,0.00,0.00,0.00
2025-05-03 21:37:17.496,59200,0.00,0.00,0.00,0.00
2025-05-03 21:37:17.594,59300,0.00,0.00,0.00,0.00
2025-05-03 21:37:17.692,59400,0.00,0.00,0.00,0.00
2025-05-03 21:37:17.795,59500,0.00,0.00,0.00,0.00
2025-05-03 21:37:17.893,59600,0.00,0.00,0.00,0.00
2025-05-03 21:37:17.998,59700,0.00,0.00,0.00,0.00
2025-05-03 21:37:18.094,59800,0.00,0.00,0.00,0.00
2025-05-03 21:37:18.197,59900,0.00,0.00,0.00,0.00
2025-05-03 21:37:18.293,60000,0.00,0.00,0.00,0.00
2025-05-03 21:37:18.392,60100,0.00,0.00,0.00,0.00
2025-05-03 21:37:18.495,60200,0.00,0.00,0.00,0.00
2025-05-03 21:37:18.593,60300,0.00,0.00,0.00,0.00
2025-05-03 21:37:18.695,60400,0.00,0.00,0.00,0.00
2025-05-03 21:37:18.793,60500,0.00,0.00,0.00,0.00
2025-05-03 21:37:18.891,60600,0.00,0.00,0.00,0.00
2025-05-03 21:37:18.994,60700,0.00,0.00,0.00,0.00
2025-05-03 21:37:19.092,60800,0.00,0.00,0.00,0.00
2025-05-03 21:37:19.191,60900,0.00,0.00,0.00,0.00
2025-05-03 21:37:19.295,61000,0.00,0.00,0.00,0.00
2025-05-03 21:37:19.391,61100,0.00,0.00,0.00,0.00
2025-05-03 21:37:19.495,61200,0.00,0.00,0.00,0.00
2025-05-03 21:37:19.592,61300,0.00,0.00,0.00,0.00
2025-05-03 21:37:19.690,61400,0.00,0.00,0.00,0.00
2025-05-03 21:37:19.792,61500,0.00,0.00,0.00,0.00
2025-05-03 21:37:19.891,61600,0.00,0.00,0.00,0.00
2025-05-03 21:37:19.995,61700,0.00,0.00,0.00,0.00
2025-05-03 21:37:20.093,61800,0.00,0.00,0.00,0.00
2025-05-03 21:37:20.194,61900,0.00,0.00,0.00,0.00
2025-05-03 21:37:20.293,62000,0.00,0.00,0.00,0.00
2025-05-03 21:37:20.391,62100,0.00,0.00,0.00,0.00
2025-05-03 21:37:20.495,62200,0.00,0.00,0.00,0.00
2025-05-03 21:37:20.592,62300,0.00,0.00,0.00,0.00
2025-05-03 21:37:20.694,62400,0.00,0.00,0.00,0.00
2025-05-03 21:37:20.794,62500,0.00,0.00,0.00,0.00
2025-05-03 21:37:20.890,62600,0.00,0.00,0.00,0.00
2025-05-03 21:37:20.993,62700,0.00,0.00,0.00,0.00
2025-05-03 21:37:21.092,62800,0.00,0.00,0.00,0.00
2025-05-03 21:37:21.189,62900,0.00,0.00,0.00,0.00
2025-05-03 21:37:21.293,63000,0.00,0.00,0.00,0.00
2025-05-03 21:37:21.390,63100,0.00,0.00,0.00,0.00
2025-05-03 21:37:21.493,63200,0.00,0.00,0.00,0.00
2025-05-03 21:37:21.591,63300,0.00,0.00,0.00,0.00
2025-05-03 21:37:21.694,63400,0.00,0.00,0.00,0.00
